from,to,chain
1,2174,C
2,2175,C
3,2176,C
4,2177,C
5,2178,C
6,2179,C
7,2180,C
8,2181,C
9,2182,C
10,2183,C
11,2184,C
12,2185,C
13,2186,C
14,2187,C
15,2188,C
16,2189,C
17,2190,C
18,2191,C
19,2192,C
20,2193,C
21,2194,C
22,2195,C
23,2196,C
24,2197,C
25,2198,C
26,2199,C
27,2200,C
28,2201,C
29,2202,C
30,2203,C
31,2204,C
32,2205,C
33,2206,C
34,2207,C
35,2208,C
36,2209,C
37,2210,C
38,2211,C
39,2212,C
40,2213,C
41,2214,C
42,2215,C
43,2216,C
44,2217,C
45,2218,C
46,2219,C
47,2220,C
48,2221,C
49,2222,C
50,2223,C
51,2224,C
52,2225,C
53,2226,C
54,2227,C
55,2228,C
56,2229,C
57,2230,C
58,2231,C
59,2232,C
60,2233,C
61,2234,C
62,2235,C
63,2236,C
64,2237,C
65,2238,C
66,2239,C
67,2240,C
68,2241,C
69,2242,C
70,2243,C
71,2244,C
72,2245,C
73,2246,C
74,2247,C
75,2248,C
76,2249,C
77,2250,C
78,2251,C
79,2252,C
80,2253,C
81,2254,C
82,2255,C
83,2256,C
84,2257,C
85,2258,C
86,2259,C
87,2260,C
88,2261,C
89,2262,C
90,2263,C
91,2264,C
92,2265,C
93,2266,C
94,2267,C
95,2268,C
96,2269,C
97,2270,C
98,2271,C
99,2272,C
100,2273,C
101,2274,C
102,2275,C
103,2276,C
104,2277,C
105,2278,C
106,2279,C
107,2280,C
108,2281,C
109,2282,C
110,2283,C
111,2284,C
112,2285,C
113,2286,C
114,2287,C
115,2288,C
116,2289,C
117,2290,C
118,2291,C
119,2292,C
120,2293,C
121,2294,C
122,2295,C
123,2296,C
124,2297,C
125,2298,C
126,2299,C
127,2300,C
128,2301,C
129,2302,C
130,2303,C
131,2304,C
132,2305,C
133,2306,C
134,2307,C
135,2308,C
136,2309,C
137,2310,C
138,2311,C
139,2312,C
140,2313,C
141,2314,C
142,2315,C
143,2316,C
144,2317,C
145,2318,C
146,2319,C
147,2320,C
148,2321,C
149,2322,C
150,2323,C
151,2324,C
152,2325,C
153,2326,C
154,2327,C
155,2328,C
156,2329,C
157,2,A
158,3,A
159,4,A
160,5,A
161,6,A
162,7,A
163,8,A
164,9,A
165,10,A
166,11,A
167,12,A
168,13,A
169,14,A
170,15,A
171,16,A
172,17,A
173,18,A
174,19,A
175,20,A
176,21,A
177,22,A
178,23,A
179,24,A
180,25,A
181,26,A
182,27,A
183,28,A
184,29,A
185,30,A
186,31,A
187,32,A
188,33,A
189,34,A
190,35,A
191,36,A
192,37,A
193,38,A
194,39,A
195,40,A
196,41,A
197,42,A
198,43,A
199,44,A
200,45,A
201,46,A
202,47,A
203,48,A
204,49,A
205,50,A
206,51,A
207,52,A
208,53,A
209,54,A
210,55,A
211,56,A
212,57,A
213,58,A
214,59,A
215,60,A
216,61,A
217,62,A
218,63,A
219,64,A
220,65,A
221,66,A
222,67,A
223,68,A
224,69,A
225,70,A
226,71,A
227,72,A
228,73,A
229,74,A
230,75,A
231,76,A
232,77,A
233,78,A
234,79,A
235,80,A
236,81,A
237,82,A
238,83,A
239,84,A
240,85,A
241,86,A
242,87,A
243,88,A
244,89,A
245,90,A
246,91,A
247,92,A
248,93,A
249,94,A
250,95,A
251,96,A
252,97,A
253,98,A
254,99,A
255,100,A
256,101,A
257,102,A
258,103,A
259,104,A
260,105,A
261,106,A
262,107,A
263,108,A
264,109,A
265,110,A
266,111,A
267,112,A
268,113,A
269,114,A
270,115,A
271,116,A
272,117,A
273,118,A
274,119,A
275,120,A
276,121,A
277,122,A
278,123,A
279,124,A
280,125,A
281,126,A
282,127,A
283,128,A
284,129,A
285,130,A
286,131,A
287,132,A
288,133,A
289,134,A
290,135,A
291,136,A
292,137,A
293,138,A
294,139,A
295,140,A
296,141,A
297,142,A
298,143,A
299,144,A
300,145,A
301,146,A
302,147,A
303,148,A
304,149,A
305,150,A
306,151,A
307,152,A
308,153,A
309,154,A
310,155,A
311,156,A
312,157,A
313,158,A
314,159,A
315,160,A
316,161,A
317,162,A
318,163,A
319,164,A
320,165,A
321,166,A
322,167,A
323,168,A
324,169,A
325,170,A
326,171,A
327,172,A
328,173,A
329,174,A
330,175,A
331,176,A
332,177,A
333,178,A
334,179,A
335,180,A
336,181,A
337,182,A
338,183,A
339,184,A
340,185,A
341,186,A
342,187,A
343,188,A
344,189,A
345,190,A
346,191,A
347,192,A
348,193,A
349,194,A
350,195,A
351,196,A
352,197,A
353,198,A
354,199,A
355,200,A
356,201,A
357,202,A
358,203,A
359,204,A
360,205,A
361,206,A
362,207,A
363,208,A
364,209,A
365,210,A
366,211,A
367,212,A
368,1,B
369,2,B
370,3,B
371,4,B
372,5,B
373,6,B
374,7,B
375,8,B
376,9,B
377,10,B
378,11,B
379,12,B
380,13,B
381,14,B
382,15,B
383,16,B
384,17,B
385,18,B
386,19,B
387,20,B
388,21,B
389,22,B
390,23,B
391,24,B
392,25,B
393,26,B
394,27,B
395,28,B
396,29,B
397,30,B
398,31,B
399,32,B
400,33,B
401,34,B
402,35,B
403,36,B
404,37,B
405,38,B
406,39,B
407,40,B
408,41,B
409,42,B
410,43,B
411,44,B
412,45,B
413,46,B
414,47,B
415,48,B
416,49,B
417,50,B
418,51,B
419,52,B
420,53,B
421,54,B
422,55,B
423,56,B
424,57,B
425,58,B
426,59,B
427,60,B
428,61,B
429,62,B
430,63,B
431,64,B
432,65,B
433,66,B
434,67,B
435,68,B
436,69,B
437,70,B
438,71,B
439,72,B
440,73,B
441,74,B
442,75,B
443,76,B
444,77,B
445,78,B
446,79,B
447,80,B
448,81,B
449,82,B
450,83,B
451,83A,B
452,83B,B
453,83C,B
454,84,B
455,85,B
456,86,B
457,87,B
458,88,B
459,89,B
460,90,B
461,91,B
462,92,B
463,93,B
464,94,B
465,95,B
466,96,B
467,97,B
468,98,B
469,99,B
470,100,B
471,101,B
472,102,B
473,103,B
474,104,B
475,105,B
476,106,B
477,107,B
478,108,B
479,109,B
480,110,B
481,111,B
482,112,B
483,113,B
484,114,B
485,115,B
486,116,B
487,117,B
488,118,B
489,119,B
490,120,B
491,121,B
492,122,B
493,123,B
494,124,B
495,125,B
496,126,B
497,127,B
498,128,B
499,129,B
500,130,B
501,131,B
502,132,B
503,133,B
504,134,B
505,135,B
506,136,B
507,137,B
508,138,B
509,139,B
510,140,B
511,141,B
512,142,B
513,143,B
514,144,B
515,145,B
516,146,B
517,147,B
518,148,B
519,149,B
520,150,B
521,151,B
522,152,B
523,153,B
524,154,B
525,155,B
526,156,B
527,157,B
528,158,B
529,159,B
530,160,B
531,161,B
532,162,B
533,163,B
534,164,B
535,165,B
536,166,B
537,167,B
538,168,B
539,169,B
540,170,B
541,171,B
542,172,B
543,173,B
544,174,B
545,175,B
546,176,B
547,177,B
548,178,B
549,179,B
550,180,B
551,181,B
552,182,B
553,183,B
554,184,B
555,185,B
556,186,B
557,187,B
558,188,B
559,189,B
560,190,B
561,191,B
562,192,B
563,193,B
564,194,B
565,195,B
566,196,B
567,197,B
568,198,B
569,199,B
570,200,B
571,201,B
572,202,B
573,203,B
574,204,B
575,205,B
576,206,B
577,207,B
578,208,B
579,209,B
580,210,B
581,211,B
582,212,B
